model,rmse,mae,mape,r2
HistGradientBoosting,95657.59827455124,71272.81830736039,0.15509531120553807,0.5805116728232249
LightGBM,97220.54432857152,71278.987325676,0.155273428056567,0.5666916761398246
Random Forest,102603.72500651878,78427.35221213834,0.1737521762512869,0.5173779152125595
